model,description,response,response_time,crypto_score,status,rouge1,rouge2,rougeL,combined_score,query,reference
llama-3.3-70b-versatile,Llama 3.3 (70B),"**Bitcoin (BTC)** is a decentralized digital currency that uses cryptography for secure financial transactions. It was created in 2009 by an individual or group of individuals using the pseudonym Satoshi Nakamoto. Bitcoin is the first and most widely recognized cryptocurrency, operating independently of a central bank or government.

**Key Characteristics:**

1. **Decentralized**: Bitcoin operates on a peer-to-peer network, allowing users to send and receive Bitcoins without the need for intermediaries like banks.
2. **Digital**: Bitcoin exists only in digital form and is not backed by any physical commodity or government.
3. **Cryptographic**: Bitcoin uses advanced cryptography to secure transactions and control the creation of new units.
4. **Limited Supply**: The total supply of Bitcoin is capped at 21 million, which helps to prevent inflation and maintain the value of each unit.
5. **Open-Source**: The Bitcoin protocol is open-source, allowing developers to review and contribute to the code.

**How Bitcoin Works:**

1. **Mining**: New Bitcoins are created through a process called mining, where powerful computers solve complex mathematical problems to validate transactions and add them to the blockchain.
2. **Blockchain**: The blockchain is a public ledger that records all Bitcoin transactions, ensuring the integrity and transparency of the network.
3. **Wallets**: Users can store, send, and receive Bitcoins using digital wallets, which can be accessed through various platforms and devices.
4. **Transactions**: Bitcoin transactions are verified by nodes on the network and recorded on the blockchain, making it difficult to alter or manipulate transactions.

**Benefits and Uses:**

1. **Fast and Global**: Bitcoin enables fast and low-cost transactions across the globe, without the need for traditional banking systems.
2. **Security**: Bitcoin's cryptographic nature provides a high level of security for transactions and wallets.
3. **Investment**: Bitcoin has become a popular investment asset, with many people buying and holding it as a store of value.
4. **E-commerce**: Bitcoin can be used to purchase goods and services from merchants who accept it as a form of payment.

Overall, Bitcoin is a pioneering digital currency that has paved the way for the development of other cryptocurrencies and blockchain-based technologies.",2.0742299556732178,1.0,success,0.07629427792915532,0.043835616438356165,0.0653950953678474,0.3457765667574932,What is Bitcoin?,Bitcoin is a decentralized digital currency created in 2009 that operates without a central authority.
llama-4-scout,Llama 4 Scout,"Error with llama-4-scout: Error code: 404 - {'error': {'message': 'The model `llama-4-scout` does not exist or you do not have access to it.', 'type': 'invalid_request_error', 'code': 'model_not_found'}}",0.0,0.0,error,0.0,0.0,0.0,0.0,What is Bitcoin?,Bitcoin is a decentralized digital currency created in 2009 that operates without a central authority.
qwen-qwq-32b,Qwen QwQ-32B,"<think>
Okay, the user is asking, ""What is Bitcoin?"" Let me start by breaking down the core components. First, I should explain that Bitcoin is a decentralized digital currency. It's important to mention that it's not controlled by any government or financial institution. Maybe I should touch on the technology behind it, like blockchain. I should also explain mining, since that's a key part of how transactions are verified and new bitcoins are created. Oh, right, the user might also want to know about its value and how it's different from traditional money. I need to keep it clear and not too technical, but still accurate. Also, maybe include its creation in 2009 by Satoshi Nakamoto. Let me structure this step by step. Start with a definition, then key features like decentralization, blockchain, mining, limited supply, and use cases. Also, mention the risks involved and its role in the financial system. Wait, should I explain terms like nodes and consensus mechanisms? Maybe briefly, but not too deep. Keep the answer comprehensive but accessible. Make sure to highlight the key points without overwhelming them. Alright, putting it all together now.
</think>

Bitcoin is a decentralized, digital currency that enables peer-to-peer transactions without the need for intermediaries like banks or governments. Here's a structured overview:

### **1. Core Features:**
- **Decentralized Network:** Operates on a **blockchain**, a public ledger distributed across a global network of computers (*nodes*). No single entity controls it.
- **Cryptographic Security:** Transactions are secured using cryptographic techniques, ensuring authenticity and preventing fraud.
- **Limited Supply:** There will only ever be **21 million bitcoins** mined, making it inherently scarce (similar to gold).

### **2. How It Works:**
- **Blockchain:** All transactions are recorded in ""blocks"" that are linked chronologically, forming an immutable chain. This transparency prevents double-spending.
- **Mining:** Transactions are validated by *miners* who solve complex mathematical puzzles. Miners are incentivized with newly created bitcoins (*block rewards*) and transaction fees.
- **Addresses & Private Keys:** Users interact with Bitcoin via **wallets**. Each wallet has a public address (like an account number) and a private key (like a password) that proves ownership.

### **3. Key Innovations:**
- **Proof-of-Work (PoW):** The consensus mechanism ensuring agreement among network participants. Miners compete to validate blocks, securing the network.
- **Satoshi Nakamoto:** Pseudonymous creator(s) who launched Bitcoin in 2009, inspired by the 2008 financial crisis to create an apolitical, censorship-resistant currency.

### **4. Use Cases:**
- **Store of Value (SoV):** Often called ""digital gold"" due to its scarcity and resistance to inflation.
- **Peer-to-Peer Payments:** Enables fast, borderless transactions (though fees and speeds can vary).
- **Investment/Speculation:** Volatile price movements make it a high-risk, high-reward asset.

### **5. Risks & Considerations:**
- **Volatility:** Prices can fluctuate dramatically (e.g., Bitcoin’s price went from near-zero to over $60,000+ in 12 years).
- **Regulatory Uncertainty:** Laws vary by country, with some banning it outright (e.g., China) while others embrace it (e.g., El Salvador adopted it as legal tender in 2021).
- **Environmental Impact:** Energy-intensive mining has raised sustainability concerns, though some miners are transitioning to renewable energy.

### **6. Technical Specifications:**
- **Supply:** 21 million maximum supply. As of 2023, ~19.5 million have been mined.
- **Halving Events:** Every ~4 years, the block reward for miners halves (e.g., from 64 BTC to 32 BTC in 2024). This reduces inflation over time.
- **Transaction Finality:** Takes ~10 minutes per block; 3–6 confirmations are typically considered secure.

### **7. Impact & Legacy:**
- **Economic Philosophy:** Challenges traditional financial systems by prioritizing decentralization, transparency, and user control.
- **Catalyst for Innovation:** Inspired thousands of other cryptocurrencies and blockchain applications (e.g., DeFi, NFTs).

---

### **FAQs:**
- **Is Bitcoin Anonymous?**  
  Pseudonymous—transactions are public, but users can obscure their identity via privacy-focused tools.
  
- **How Do I Buy Bitcoin?**  
  Through exchanges (e.g., Coinbase, Binance), peer-to-peer platforms, or OTC desks.

- **Is Bitcoin Legal?**  
  Legal in most countries, though regulations vary (e.g., taxation, anti-money laundering rules).

---

Bitcoin’s core value proposition lies in its resistance to censorship and control, making it a transformative technology in finance. However, users should exercise caution due to its volatility and regulatory risks. Always research before investing.",2.8773193359375,1.0,success,0.0368271954674221,0.017045454545454544,0.0339943342776204,0.32379603399433426,What is Bitcoin?,Bitcoin is a decentralized digital currency created in 2009 that operates without a central authority.
google/flan-t5-base,Flan-T5 (base),Bitcoin is a digital currency.,1.377068042755127,0.1,success,0.5,0.3333333333333333,0.5,0.38,What is Bitcoin?,Bitcoin is a decentralized digital currency created in 2009 that operates without a central authority.
llama-3.3-70b-versatile,Llama 3.3 (70B),"**Introduction to Blockchain**

Blockchain is a distributed digital ledger technology that enables secure, transparent, and decentralized data management. It's the underlying foundation for various cryptocurrencies, including Bitcoin, Ethereum, and many others. Here's a step-by-step explanation of how blockchain works:

**Key Components:**

1. **Blocks**: A block is a collection of transactions, such as cryptocurrency transfers or smart contracts.
2. **Chain**: A chain is a sequence of blocks, each linked to the previous one through a unique code called a ""hash.""
3. **Network**: A network of computers, called nodes, verifies and validates transactions on the blockchain.
4. **Mining**: Specialized nodes, called miners, compete to solve complex mathematical problems to validate transactions and create new blocks.

**The Blockchain Process:**

1. **Transaction creation**: A user initiates a transaction, such as sending cryptocurrency to another user.
2. **Transaction verification**: The transaction is broadcast to the network, where nodes verify its validity using complex algorithms.
3. **Block creation**: A group of verified transactions is collected and formed into a block.
4. **Block hashing**: Each block is given a unique hash, which is a digital fingerprint that connects it to the previous block.
5. **Mining**: Miners compete to solve a complex mathematical problem, which requires significant computational power. The first miner to solve the problem gets to add the new block to the chain.
6. **Block addition**: The new block is added to the chain, and each node on the network updates its copy of the blockchain.
7. **Chain update**: The updated blockchain is shared across the network, ensuring that all nodes have the same version of the chain.

**Security Features:**

1. **Decentralization**: The blockchain is maintained by a network of nodes, making it resistant to central control or manipulation.
2. **Immutable**: The blockchain is an immutable record, meaning that once a transaction is written, it cannot be altered or deleted.
3. **Consensus mechanism**: The blockchain uses a consensus mechanism, such as proof-of-work (PoW) or proof-of-stake (PoS), to ensure that all nodes agree on the state of the chain.

**Benefits:**

1. **Security**: The blockchain's decentralized and immutable nature makes it a secure way to conduct transactions.
2. **Transparency**: All transactions are recorded publicly, making it possible to track the movement of assets.
3. **Efficiency**: The blockchain enables fast and efficient transactions, without the need for intermediaries.

In summary, blockchain technology provides a secure, transparent, and decentralized way to manage data and conduct transactions. Its key components, including blocks, chain, network, and mining, work together to create a robust and reliable system.",2.4293479919433594,1.0,success,0.1029082774049217,0.03595505617977529,0.07158836689038031,0.3501118568232662,How does blockchain work?,"Blockchain is a distributed ledger technology that records transactions in a secure, immutable way across multiple computers, ensuring transparency and security without central control."
llama-4-scout,Llama 4 Scout,"Error with llama-4-scout: Error code: 404 - {'error': {'message': 'The model `llama-4-scout` does not exist or you do not have access to it.', 'type': 'invalid_request_error', 'code': 'model_not_found'}}",0.0,0.0,error,0.0,0.0,0.0,0.0,How does blockchain work?,"Blockchain is a distributed ledger technology that records transactions in a secure, immutable way across multiple computers, ensuring transparency and security without central control."
qwen-qwq-32b,Qwen QwQ-32B,"<think>
Okay, the user is asking how blockchain works. Let me start by breaking it down into simple parts. They might be new to this, so I should avoid jargon as much as possible.

First, I need to explain the basic structure. Blockchain is a distributed ledger, right? So maybe start by comparing it to a regular ledger but distributed across many computers. That way, no single entity controls it, which is a key point.

Then, the blocks. Each block contains transactions. When someone makes a transaction, it's grouped with others into a block. But how does it get added to the chain? Oh right, miners or validators verify the transactions through a consensus mechanism like Proof of Work or Proof of Stake. I should mention both briefly because there are different systems.

Next, the chain part. Each block has a unique identifier, a hash, and the previous block's hash. This creates a linked chain, making it tamper-evident. If someone tries to alter a block, the hash changes, breaking the chain. That's important for security.

Transparency and decentralization are central concepts here. Since everyone has a copy, changes are visible to all, but individual identities can be pseudonymous through public addresses. Maybe clarify that part to avoid confusion about anonymity versus privacy.

Consensus mechanisms are crucial. Explaining PoW with mining and PoS with validators helps differentiate the two. Also, mentioning other methods like PoA and DPoS gives a broader view but without getting too technical.

Use cases beyond Bitcoin, like smart contracts on Ethereum, can show the versatility. Maybe mention decentralized apps (dApps) and supply chain tracking as examples. That makes it more relatable.

Security aspects: immutability because altering past blocks is hard without consensus, and decentralized networks resist attacks since there's no central point to hack. But I should also note that while secure, exchanges and wallets can be vulnerable. Maybe a quick mention here as a caveat.

Putting it all together in a step-by-step process might help. Start with a transaction, then grouping into a block, verification, and adding to the chain. Emphasize the decentralized network's role in maintaining the ledger's integrity.

Wait, did I cover all the main points? Structure, blocks, hashing, consensus, security, and examples. Maybe also touch on public vs private blockchains? The user didn't ask for types, so maybe just mention that some blockchains are permissioned but focus on public ones like Bitcoin and Ethereum.

Also, need to ensure clarity on how the hashing works. Each block's hash depends on its contents and the previous hash. So any change in a block's data changes its hash, which breaks the chain. That's why it's secure.

Hmm, maybe start with an overview sentence first, then break down each component. Avoid getting too deep into cryptographic hashing unless necessary. The user wants to know how it works in general, not the math behind hashes.

Examples might help. Like if Alice sends Bob some crypto, the transaction is verified by the network, grouped into a block, and added to the chain. Emphasize that once added, it's permanent and everyone sees it.

I should also mention that blockchain doesn't require a central authority, which differentiates it from traditional systems. This decentralization is a core feature.

Check if there are any common misconceptions to address. Maybe that all blockchains are the same? Or that they're completely anonymous? Clarify that it's pseudonymous, and anonymity can vary based on the blockchain's design.

Alright, structure the answer into sections: Overview, Key Components (Blocks, Hashes, Consensus), How Transactions Work, Security, and Applications. Keep each section concise with examples. Make sure the language is simple and accessible. Avoid acronyms without explanation unless necessary.

Wait, the user might be a beginner, so explaining terms like nodes, miners, validators is essential. Nodes are participants in the network, right? They store copies and validate transactions. Miners (in PoW) solve puzzles to add blocks, while validators in PoS stake their coins.

Also, the difference between public and private blockchains? Maybe a brief mention that private blockchains are permissioned and used by organizations, but the question is about how blockchain works in general. Stick to the mainstream use cases unless specified.

Alright, I think that's a solid structure. Now put it all together clearly and concisely. Make sure each part flows logically from one to the next, ending with the significance of blockchain's features.
</think>

Blockchain is a decentralized digital ledger technology that records transactions across a network of computers. Here's a step-by-step explanation of how it works:

---

### **1. Core Components of a Blockchain**
- **Blocks**: Each block contains a batch of transactions (e.g., cryptocurrency transfers, smart contract executions). Blocks are linked together in chronological order.
- **Hashes**: Each block has a unique cryptographic ""fingerprint"" (hash) generated from its data (transactions, timestamp, and the hash of the previous block). This creates a chain of blocks.
- **Nodes**: These are computers on the network that store a copy of the blockchain and validate transactions. They enforce the rules of the network.

---

### **2. How Transactions Are Processed**
1. **Transaction Initiation**: 
   - A user initiates a transaction (e.g., sending crypto from one wallet to another).
   - The transaction is broadcast to the network’s nodes.

2. **Validation**:
   - Nodes verify the transaction’s validity (e.g., ensuring the sender has sufficient funds and proper authorization).
   - Invalid transactions are rejected.

3. **Block Creation**:
   - Valid transactions are grouped into a ""candidate block.""
   - Miners/validators (depending on the consensus mechanism) compete to add this block to the chain.

4. **Consensus Mechanism**:
   - **Proof of Work (PoW)**: Miners solve a complex mathematical puzzle to ""mine"" a block (used by Bitcoin). The first to solve it gets a reward (e.g., Bitcoin) and adds the block.
   - **Proof of Stake (PoS)**: Validators are chosen based on the amount of cryptocurrency they ""stake"" as collateral (used by Ethereum 2.0). This is more energy-efficient than PoW.
   - Other mechanisms exist (e.g., Delegated Proof of Stake, Proof of Authority), but PoW and PoS are the most common.

5. **Block Finalization**:
   - Once a block is added, it’s linked to the previous block via its hash. This creates an immutable chain.
   - All nodes update their copy of the blockchain to reflect the new block.

---

### **3. Key Features of Blockchain**
- **Decentralization**: No single entity controls the network. All nodes must agree on changes via consensus.
- **Immutability**: Once a block is added, altering it is nearly impossible without changing all subsequent blocks and gaining control of over 51% of the network (a ""51% attack""), which is computationally infeasible for large networks.
- **Transparency**: All participants can view the transaction history (though user identities may be pseudonymous, using addresses instead of real names).
- **Security**: Cryptographic hashing and distributed storage make it resistant to fraud and tampering.

---

### **4. Example Workflow**
Let’s say Alice sends Bob 1 Bitcoin:
1. Alice’s transaction is broadcast to the network.
2. Nodes validate it (e.g., confirming Alice has the funds and proper digital signature).
3. The transaction is grouped into a candidate block.
4. Miners compete to solve the puzzle (PoW) or validators approve it (PoS).
5. Once added to the blockchain, the transaction is irreversible and stored permanently.

---

### **5. Beyond Cryptocurrency**
Blockchain’s applications extend beyond Bitcoin:
- **Smart Contracts**: Self-executing contracts (e.g., Ethereum) automate agreements without intermediaries.
- **Supply Chain**: Track goods from origin to consumer (e.g., IBM Food Trust).
- **DeFi (Decentralized Finance):** Peer-to-peer lending, trading, and banking without traditional institutions.
- **NFTs**: Digital ownership certificates for art, music, or collectibles.

---

### **6. Why It’s Secure**
- **Tamper Resistance**: Changing a transaction in an earlier block would require altering all subsequent blocks and convincing the majority of nodes to accept the new version—a nearly impossible task for large networks.
- **Decentralization**: Attacks target a single point (like a bank), but blockchain has no central point of failure.

---

### **Common Misconceptions**
- **Blockchain ≠ Bitcoin**: While Bitcoin uses blockchain, the technology has many other applications.
- **Not Anonymous**: Most blockchains are pseudonymous (addresses are public, but identities can be obscured).

---

### **Summary**
Blockchain works by:
1. Storing data in an immutable, decentralized ledger.
2. Using cryptography (hashes) to link and secure blocks.
3. Relying on consensus mechanisms to validate and add new blocks.
4. Ensuring transparency and security through decentralization and cryptographic principles.

This structure makes blockchain ideal for trustless systems where participants don’t need to know or trust each other.",4.980233907699585,1.0,success,0.032078103207810314,0.018156424581005588,0.023709902370990237,0.31659693165969316,How does blockchain work?,"Blockchain is a distributed ledger technology that records transactions in a secure, immutable way across multiple computers, ensuring transparency and security without central control."
google/flan-t5-base,Flan-T5 (base),blockchain is a cryptographic protocol that is used to decrypt and decrypt data.,2.596959114074707,0.2,success,0.2702702702702703,0.11428571428571427,0.2702702702702703,0.2491891891891892,How does blockchain work?,"Blockchain is a distributed ledger technology that records transactions in a secure, immutable way across multiple computers, ensuring transparency and security without central control."
llama-3.3-70b-versatile,Llama 3.3 (70B),"In the world of cryptocurrencies, the consensus mechanism is a crucial component that ensures the integrity and security of the network. Two of the most popular consensus mechanisms are Proof-of-Work (PoW) and Proof-of-Stake (PoS). Here's a detailed comparison between the two:

**Proof-of-Work (PoW):**

1. **Definition:** PoW is a consensus mechanism that requires miners to solve complex mathematical puzzles to validate transactions and create new blocks.
2. **Energy consumption:** PoW is energy-intensive, as miners need to use powerful computers to solve the mathematical puzzles, which consumes a significant amount of electricity.
3. **Security:** PoW is considered secure because it's difficult for an attacker to manipulate the network, as they would need to control a significant portion of the network's mining power.
4. **Block creation:** Miners compete to solve the mathematical puzzles, and the first miner to solve it gets to create a new block and add it to the blockchain.
5. **Reward:** Miners are rewarded with newly minted cryptocurrency and transaction fees for creating new blocks.

**Proof-of-Stake (PoS):**

1. **Definition:** PoS is a consensus mechanism that requires validators to ""stake"" or lock up a certain amount of cryptocurrency to participate in the validation process.
2. **Energy consumption:** PoS is more energy-efficient, as validators don't need to solve complex mathematical puzzles, reducing the energy consumption significantly.
3. **Security:** PoS is considered secure because it's difficult for an attacker to manipulate the network, as they would need to control a significant portion of the network's staked cryptocurrency.
4. **Block creation:** Validators are chosen to create new blocks based on the amount of cryptocurrency they have staked and the length of time they've been staking.
5. **Reward:** Validators are rewarded with transaction fees and a portion of the block reward for creating new blocks.

**Key differences:**

1. **Energy consumption:** PoW is energy-intensive, while PoS is more energy-efficient.
2. **Security:** Both mechanisms are considered secure, but PoS is more vulnerable to centralization, as large stakeholders may have more influence over the network.
3. **Scalability:** PoS is generally more scalable than PoW, as it allows for faster block creation and higher transaction throughput.
4. **Participation:** PoW requires significant computational power, while PoS requires a significant amount of staked cryptocurrency, making it more accessible to a wider range of participants.

In summary, Proof-of-Work is a more traditional consensus mechanism that relies on energy-intensive mining, while Proof-of-Stake is a more modern approach that uses a voting system to validate transactions and create new blocks. Both mechanisms have their strengths and weaknesses, and the choice between them depends on the specific needs and goals of a cryptocurrency project.",2.5125505924224854,0.7,success,0.1566265060240964,0.09274193548387097,0.14457831325301204,0.3112048192771084,What is the difference between proof-of-work and proof-of-stake?,"Proof-of-work requires miners to solve complex mathematical problems to validate transactions and create new blocks, consuming significant energy. Proof-of-stake selects validators based on the amount of cryptocurrency they hold and are willing to 'stake', requiring much less computational power and energy."
llama-4-scout,Llama 4 Scout,"Error with llama-4-scout: Error code: 404 - {'error': {'message': 'The model `llama-4-scout` does not exist or you do not have access to it.', 'type': 'invalid_request_error', 'code': 'model_not_found'}}",0.0,0.0,error,0.05063291139240507,0.0,0.05063291139240507,0.035443037974683546,What is the difference between proof-of-work and proof-of-stake?,"Proof-of-work requires miners to solve complex mathematical problems to validate transactions and create new blocks, consuming significant energy. Proof-of-stake selects validators based on the amount of cryptocurrency they hold and are willing to 'stake', requiring much less computational power and energy."
qwen-qwq-32b,Qwen QwQ-32B,"<think>
Okay, the user is asking about the difference between proof-of-work and proof-of-stake. Let me start by recalling what each of these consensus mechanisms does. 

Proof-of-Work (PoW) is the older method, right? Bitcoin uses it. Miners solve complex mathematical puzzles to validate transactions and create new blocks. That requires a lot of computational power and energy, which can be a problem environmentally. The security here comes from the fact that attacking the network would need more computational power than the majority, which is costly.

Then there's Proof-of-Stake (PoS), which I think is used by Ethereum now after their transition. Instead of mining, validators are chosen based on how many coins they hold and are willing to ""stake."" The idea is that this is more energy-efficient because you don't need the same hardware. The security here relies on the economic stake; if a validator acts maliciously, they lose their staked coins. That's called ""skin in the game.""

Wait, I should make sure I get the key differences straight. Energy consumption is a big one. PoW uses a lot of electricity, which is a criticism. PoS is much greener. Then there's the selection process for who validates transactions. PoW miners compete to solve puzzles, while PoS validators are chosen based on their stake. Also, the reward structure might be different – in PoW, you get the block reward plus transaction fees, whereas PoS might have a reward proportional to their stake, maybe with some randomness to prevent centralization.

Oh, and there's also the concept of ""forging"" in PoS, like forging blocks instead of mining. Maybe I should mention specific examples like Bitcoin for PoW and Ethereum for PoS now. Also, the environmental impact is a key point. Plus, the potential centralization in PoW because mining farms have more resources versus PoS potentially having its own centralization issues if a few stakeholders hold a lot of coins. But PoS has mechanisms like随机 selection to mitigate that?

I need to structure this clearly. Start with definitions, then break down each mechanism's process, security, energy use, decentralization concerns, and maybe examples. Also, mention the transition Ethereum made, that's a good example. Highlight the pros and cons of each. Make sure to explain terms simply, since the user might be a beginner. Avoid jargon where possible, but use the correct terms when necessary.

Wait, did I miss anything? Maybe the concept of hashing power vs. staked coins. Also, maybe touch on the 51% attack in both contexts. In PoW, a 51% attack would require controlling over half the hashing power, which is expensive. In PoS, you'd need over 50% of the staked coins, which is also expensive, and if you attack, you lose your stake. That's a key security aspect.

Also, the initial investment for miners vs. validators. Miners need specialized hardware, while validators need to lock up their coins. So entry barriers are different. PoW is more capital-intensive in terms of hardware, PoS requires holding a significant amount of the cryptocurrency.

I should also mention that both are consensus mechanisms to achieve decentralization and security without a central authority. The trade-offs between energy consumption vs. different security models. Maybe summarize in bullet points if that's allowed, but since the user wants a natural answer, I'll structure it in paragraphs.

Check for any inaccuracies. PoS doesn't use mining, so terms like ""miners"" vs. ""validators"" are important. Also, in PoS, the validator is selected sometimes through staking age or random algorithms to prevent predictability. Maybe talk about different variations like Delegated PoS or others, but perhaps keep it simple for the main answer.

Okay, I think that covers the main points. Now, structure the answer step by step, starting with definitions, then comparing each aspect, and conclude with a summary. Make sure it's clear and concise.
</think>

The **Proof-of-Work (PoW)** and **Proof-of-Stake (PoS)** are two consensus mechanisms used in blockchain networks to validate transactions and secure the network. Here's a detailed breakdown of their differences:

---

### **1. Core Concept**  
- **Proof-of-Work (PoW):**  
  Miners compete to solve complex mathematical puzzles (via computational power) to validate transactions and add new blocks to the blockchain. The ""work"" refers to energy-intensive computations.  
  **Example:** Bitcoin and Ethereum (pre-2022).  

- **Proof-of-Stake (PoS):**  
  Validators are chosen based on the number of cryptocurrency tokens they **""stake""** (lock up) as collateral. The more they stake, the higher their chance of being selected to validate blocks.  
  **Example:** Ethereum 2.0, Cardano, and Tezos.  

---

### **2. Key Differences**  

| **Aspect**               | **Proof-of-Work (PoW)**                          | **Proof-of-Stake (PoS)**                          |  
|--------------------------|--------------------------------------------------|--------------------------------------------------|  
| **Validation Method**     | Miners solve cryptographic puzzles.               | Validators are chosen by random selection weighted by their staked tokens. |  
| **Energy Use**            | Extremely high energy consumption (due to mining).| Virtually no energy cost (no puzzle-solving required). |  
| **Security**              | Security comes from computational power (it’s costly to attack). | Security relies on economic incentives (attackers lose their staked funds if they misbehave). |  
| **Cost to Participate**    | High (requires specialized hardware like ASICs). | Lower (requires holding/staking tokens instead of hardware). |  
| **Reward for Validators**  | Block rewards + transaction fees.                 | Transaction fees + inflation rewards (proportional to their stake). |  
| **Decentralization Risk** | Centralization risk due to mining pools (e.g., Bitcoin's top 4 pools control ~60% of hash power). | Risk of wealth concentration (richer validators may dominate), but mitigated by randomized selection. |  
| **Environmental Impact**  | Significant carbon footprint (Bitcoin alone uses ~140 TWh/year). | Minimal environmental impact. |  

---

### **3. Security Mechanisms**  
- **PoW:** Attackers would need to control >50% of the network's computational power, which requires immense resources and energy.  
- **PoS:** Attackers would need to control >50% of the staked currency. However, if they misbehave, they lose their stake (a ""slashing"" penalty), making attacks economically unviable.  

---

### **4. Pros and Cons**  

| **Mechanism** | **Pros**                                                                 | **Cons**                                                                 |
|---------------|---------------------------------------------------------------------------|--------------------------------------------------------------------------|  
| **PoW**       | Proven security (Bitcoin’s 14-year track record).)<br>Resistant to certain types of attacks. | High energy consumption.<br>Risk of mining centralization. |  
| **PoS**       | Energy-efficient.<br>Lower barriers to participation.<br>Faster transaction times. | Newer technology (less battle-tested).)<br>Potential for wealth concentration among validators. |  

---

### **5. Real-World Comparison**  
- **Ethereum’s Transition:** Ethereum moved from PoW (high energy use) to PoS (Ethereum 2.0) in 2022, reducing energy consumption by ~99.95%.  
- **Bitcoin:** Stays on PoW, prioritizing security over energy efficiency.  

---

### **Summary**  
- **PoW** prioritizes security through computational work but is energy-intensive and environmentally costly.  
- **PoS** prioritizes energy efficiency and lower costs but relies on economic incentives for security.  

The choice between them depends on the network’s goals: **security vs. energy efficiency** and **centralization risks**.",4.406641960144043,1.0,success,0.07685589519650655,0.045494313210848646,0.062882096069869,0.3440174672489083,What is the difference between proof-of-work and proof-of-stake?,"Proof-of-work requires miners to solve complex mathematical problems to validate transactions and create new blocks, consuming significant energy. Proof-of-stake selects validators based on the amount of cryptocurrency they hold and are willing to 'stake', requiring much less computational power and energy."
google/flan-t5-base,Flan-T5 (base),Proof of work is a type of proof of work that is used to validate a product or service. Proof of stake is a type of proof of work that is used to validate a product or service.,3.5557355880737305,0.2,success,0.26506024096385544,0.12345679012345678,0.24096385542168675,0.2286746987951807,What is the difference between proof-of-work and proof-of-stake?,"Proof-of-work requires miners to solve complex mathematical problems to validate transactions and create new blocks, consuming significant energy. Proof-of-stake selects validators based on the amount of cryptocurrency they hold and are willing to 'stake', requiring much less computational power and energy."
